model,term,estimate,std_error_hc1,z_value,p_value,significant
speed_squared_model,is_night,0.142,0.0351,4.048,1e-4,***
speed_squared_model,rural,0.1477,0.0215,6.88,0,***
speed_squared_model,speed_limit_sq,-2e-4,0,-3.811,1e-4,***
high_speed_model,is_night,0.1396,0.0351,3.981,1e-4,***
high_speed_model,rural,0.1494,0.0216,6.93,0,***
high_speed_model,high_speed_60,-0.0015,0.0395,-0.038,0.9693,
interaction_model,is_night,0.1832,0.0434,4.225,0,***
interaction_model,rural,0.1539,0.0217,7.096,0,***
interaction_model,is_night:rural,-0.1172,0.0698,-1.679,0.0932,*
